,fips,emp_combined,merchants_all,spend_all
0,1003,0.001396168582375477,-0.23357129906542057,-0.06342737797317456
1,1015,-0.04328136781609195,-0.13508096573208722,-0.030889627143457114
2,1053,0.01653719923371647,,-0.22841326985619056
3,1073,-0.10560715480459756,-0.1604479657320872,-0.0365000064567619
4,1081,-0.11179819923371644,,-0.13975453922003178
5,1089,-0.09333485440613035,-0.19121156074766352,-0.13238540504641583
6,1097,-0.016693859003831406,-0.16725786915887841,-0.10493288561742857
7,1101,-0.10640669731800771,-0.16360745794392512,-0.08100488236765079
8,1117,-0.0884855095785441,,-0.044390403313015914
9,1125,-0.14043824176245207,-0.1584516822429906,-0.11438346999688881
10,2090,-0.13742490421455938,,
11,2170,-0.050381337164750975,-0.14391068535825532,0.012672984258412668
12,4001,-0.027192681992337178,,-0.07548456196025395
13,4003,-0.03652315111111108,,-0.06010417169015872
14,4005,-0.19025808429118762,,-0.014369263289523863
15,4007,-0.03425902498084293,,-0.1290351937006032
16,4013,-0.060580563218390795,-0.19779354236760138,-0.0746962990914889
17,4015,-0.07039329501915706,,-0.07922025414793657
18,4019,-0.08304468199233718,-0.20467737133956387,-0.0631896434509841
19,4021,-0.08635197701149425,,-0.08434858739650791
20,4023,-0.09913565134099615,,-0.10800334264031743
21,4025,-0.055484157088122606,-0.21679766978193146,-0.09665079681936507
22,4027,-0.1893050268199234,,-0.06019360316377774
23,5007,-0.05744731034482755,-0.1917368878504674,
24,5031,-0.10564849042145603,,-0.0047096442504444514
25,5051,-0.1477356245210727,,-0.080516511124127
26,5069,-0.16875759386973166,-0.1615381308411215,0.08120533322857143
27,5119,-0.04335683831417627,-0.16598917757009346,0.089923362195873
28,5121,0.02884023754789273,,
29,5125,-0.07976527586206897,,
30,5139,0.009489593869731803,,
31,5143,-0.023928328735632193,-0.1881828037383178,
32,6001,-0.10597515708812262,-0.2802954395638629,-0.1349435428687936
33,6005,-0.11801552873563215,,-0.17978334309488883
34,6007,-0.06052276628352491,-0.31733660436137084,-0.07924072615549206
35,6009,-0.04733036781609192,,-0.02225837481682542
36,6013,-0.1170647126436782,-0.2811421931464171,-0.17141126666063494
37,6017,-0.12180596934865905,-0.21781011744548298,-0.06081101895936502
38,6019,-0.08724220498084294,-0.20558828971962614,-0.06390569505622226
39,6021,-0.042395456704980836,,0.07246546341330158
40,6025,-0.11481260153256713,-0.26227348093457953,-0.07222813014631743
41,6029,-0.0633092337164751,-0.25747664485981286,-0.13197651785746026
42,6031,-0.11374574712643681,,-0.15914757534844437
43,6033,-0.09774602337164753,,-0.11493359995936508
44,6037,-0.10056877394636012,-0.24886728660436158,-0.17792590833117464
45,6039,-0.09996887356321842,,-0.11367761931485722
46,6041,-0.13799172145593866,,-0.1456926219745396
47,6045,-0.09574280076628353,-0.2629608535825544,-0.0836417777613968
48,6047,-0.10526766283524899,,-0.07173091710473009
49,6053,-0.10779883141762452,-0.318786339563863,-0.12279434660888895
50,6055,-0.14844969731800764,,-0.1396833051447301
51,6057,-0.1602946206896552,,-0.101282634976508
52,6059,-0.07307778160919544,-0.23673289719626175,-0.14784635512866665
53,6061,-0.08507264367816088,-0.25575679750778807,-0.10006422866815882
54,6065,-0.10813242145593864,-0.2582796610591903,-0.13222222532574618
55,6067,-0.08061688544061305,-0.2357339968847352,-0.10317947704225397
56,6069,-0.14534369348659001,,-0.1085883750431459
57,6071,-0.07353680076628354,-0.22257280532710286,-0.13364985416307926
58,6073,-0.08940018390804597,-0.2545766978193148,-0.1743027013104445
59,6075,-0.17719402298850584,-0.3691468816199379,-0.20570132962390467
60,6077,-0.05831478544061304,-0.2447828255451716,-0.12865739688539693
61,6079,-0.09790976245210713,-0.2592635732087227,-0.08634282652813653
62,6081,-0.12004381149425289,-0.31653183520249234,-0.18331181499844465
63,6083,-0.08837933716475099,-0.2505210654205609,-0.16968269840920625
64,6085,-0.09394919923371654,-0.317143707165109,-0.12220103842175224
65,6087,-0.171496049808429,-0.2853706292834891,-0.12490507279286034
66,6089,-0.05977914559386971,-0.34534023052959495,-0.12807737123965077
67,6095,-0.12618503065134085,-0.2749195034267912,-0.17218758366219056
68,6097,-0.1016558122605365,-0.2459141962616823,-0.11666440290917464
69,6099,-0.11081115708812259,-0.24163312772585688,
70,6101,-0.02360353256704981,,-0.15058234917650784
71,6107,-0.08648890804597699,-0.23036340809968847,-0.1216299049549207
72,6111,-0.08640037547892726,-0.2039556376947039,-0.15059132385752394
73,6113,-0.16827900383141753,,-0.13251146992911098
74,6115,-0.008768827586206894,,-0.12172726360765065
75,8001,-0.04777704597701149,-0.12552961059190032,-0.09258973970317463
76,8005,-0.0431627394636015,-0.20272193146417436,-0.13040230798758726
77,8013,-0.0981182107279694,-0.1510906355140188,-0.16655063439301585
78,8014,-0.07192972643678153,,-0.17917200040063502
79,8031,-0.05965947892720305,-0.23699167725856707,-0.11576551090073015
80,8035,-0.07153419731800771,-0.21857971962616823,-0.09613754591174613
81,8041,-0.06873192988505747,-0.18755702180685369,-0.13482961576790478
82,8059,-0.028592012911877407,-0.19668095171339564,-0.11491157144888885
83,8067,-0.22331754789272037,,-0.16679441312317453
84,8069,-0.0884768045977011,-0.24322437383177561,-0.13987708876377783
85,8077,-0.05042752107279694,,-0.11627157610758404
86,8097,-0.23707009195402298,,-0.16993748238441264
87,8101,-0.010419524904214564,-0.1955440348909657,-0.07892662851549209
88,8117,-0.101655674329502,,-0.007086527029777762
89,8123,-0.020535192337164738,-0.2766056697819313,-0.1308756795279682
90,9001,-0.08823067011494257,-0.2731095327102805,-0.10586818682253954
91,9003,-0.08979332528735633,-0.23047989719626183,-0.14841692030888876
92,9005,-0.12367559425287357,,0.023902875175523777
93,9007,-0.0758056704980843,,
94,9009,-0.08420655555555559,-0.26940613395638646,
95,9011,-0.1007202659003832,-0.32047706230529616,-0.030274749187650878
96,9013,-0.11059710344827584,,-0.14502321910034913
97,9015,-0.12642052107279697,,
98,10001,-0.13623807279693478,,-0.14110441332825377
99,10003,-0.07667315325670493,-0.2562848909657322,-0.12327502887526971
100,10005,-0.04861211494252872,-0.23995235202492232,-0.2068137138958728
101,11001,-0.10403468965517249,-0.3439220934579443,-0.2820654284898415
102,12001,-0.06733990421455938,-0.22625770623052963,-0.06567613368336508
103,12005,0.016609942528735648,,-0.046205606057425394
104,12009,-0.037139249042145585,-0.16394945794392513,-0.10282735262444448
105,12011,-0.0808463141762453,-0.21861197844236732,-0.16108133343841272
106,12015,-0.07250308429118772,,-0.11511189213450788
107,12017,-0.051347090804597734,-0.2573248006230529,-0.024139841081682534
108,12019,-0.06119447892720313,,-0.04140787306692061
109,12021,-0.09295318007662844,-0.2547042866043614,-0.18972307658815873
110,12031,-0.07357615325670491,-0.1872613280373832,-0.016124236835120632
111,12035,-0.03564223984674331,,-0.025761282639746055
112,12037,0.014701605363984672,,
113,12053,-0.09311991877394638,-0.25738526479750773,-0.14197813929358724
114,12055,-0.04872024318390807,,
115,12057,-0.03555004214559386,-0.2358645482866043,-0.10015909434856504
116,12061,-0.10150616475095783,,-0.16941255846387293
117,12063,-0.036670164750957836,,0.10297756822965078
118,12069,-0.04734398850574712,-0.20881680280373835,-0.10570070063523807
119,12071,-0.07603201915708814,-0.18948668535825533,-0.10229668230980954
120,12075,-0.03568247892720305,,-0.005711447649841264
121,12081,-0.020285995402298848,,
122,12083,-0.045720693486590004,-0.23164517133956394,-0.0980950296577752
123,12085,-0.025500277011494245,-0.15749899065420567,-0.19089883434955557
124,12086,-0.06916143517241376,-0.2169528130841121,-0.16229778687107932
125,12087,-0.13190383524904215,,-0.1270123490098413
126,12089,-0.033222103448275836,,-0.07407019663057143
127,12091,-0.05156738122605362,-0.2253966573208722,-0.10522681578577772
128,12093,-0.04590062068965519,,0.04437911002952381
129,12095,-0.10844619923371655,-0.21583361682242994,-0.12724638740066668
130,12097,-0.0917792988505747,-0.2465843613707164,-0.17146589874920617
131,12099,-0.042006990421455954,-0.18850084112149526,-0.14337057463111094
132,12101,-0.08943270766283527,-0.20014361370716496,-0.07191301567019047
133,12103,-0.05300822605363985,-0.24500850778816183,-0.12440158404914281
134,12105,-0.027591499616858226,-0.20376071526479753,-0.06301669199098417
135,12107,-0.14210289501915704,,0.008465609347904763
136,12115,-0.04995532452107284,-0.258260013084112,-0.13233256912415556
137,12117,-0.057551567049808426,-0.2195613489096573,-0.12968646655923813
138,12119,-0.07079540229885065,,-0.10777637455939683
139,12121,-0.06814612260536396,,-0.009914923304434912
140,12127,-0.0666632030651341,-0.20536035607476655,-0.08173116519736509
141,13015,-0.012818651340996171,-0.11675240498442362,-0.05963818087558724
142,13021,0.013802429118773935,,-0.13549453994000005
143,13045,-0.017721731034482765,-0.15360642367601232,-0.05657593055050796
144,13051,-0.05663946743295017,,-0.15500479639873024
145,13057,-0.07748399134099616,-0.17876519937694713,-0.0883661897561365
146,13059,-0.18582245210727966,,-0.05936371119800322
147,13063,-0.0859478176245211,-0.1683248411214955,-0.041108656130771415
148,13067,-0.05215091570881223,-0.20351765732087235,-0.12004495855114275
149,13077,-0.05780095785440611,,-0.10249341267073012
150,13089,-0.08447747126436786,-0.2110036728971964,-0.10404562520447627
151,13097,-0.08009972413793098,,0.028071507983460326
152,13113,-0.07007254789272037,-0.17070920249221175,-0.07137025435234924
153,13115,0.04028116858237549,,
154,13121,-0.0928276770114943,-0.2276858598130843,-0.10954475852946037
155,13135,-0.05743211877394637,-0.22985549221183765,-0.09419626056387934
156,13137,-0.12553130957854408,,-0.1322394948725714
157,13139,-0.021021084674329497,-0.1517604205607477,-0.11346578419111111
158,13151,-0.11547974444444452,-0.2545160436137074,-0.06691653038885713
159,13153,-0.029333486590038305,-0.21744963862928363,-0.06717325097965075
160,13157,-0.05078747126436785,,-0.02329020316631745
161,13185,-0.1601221302681992,-0.2900919376947039,-0.060270930093333376
162,13215,-0.01958850191570879,,-0.0037256646063396834
163,13217,-0.15582896858237547,,-0.07897421948853967
164,13219,-0.13180861302681995,,-0.07591955533999999
165,13245,-0.0817849501915709,,-0.06813630469936499
166,13247,-0.1577226053639847,,-0.09998253340822229
167,13259,-0.016071809578544052,,
168,13275,-0.02809877394636017,,0.0773460604837778
169,13277,-0.07979275095785444,,
170,13297,-0.036548123754789254,,-0.003526974567333322
171,13305,-0.14499554363984674,,0.0050038736599682596
172,13313,-0.030589731800766278,,-0.06916791695644442
173,15001,-0.15363262068965514,-0.26153972274143283,-0.0029014703958412606
174,15003,-0.26089541762452123,-0.2469745887850462,-0.054924755842730176
175,15007,-0.23062493869731812,-0.36171685358255395,
176,16001,-0.08486862068965513,-0.20358468224299062,0.009569257270317454
177,16027,-0.043392566283524905,-0.20938009314641773,
178,16065,-0.0842488927203066,,-0.055362260363301594
179,17019,-0.12374880076628353,,
180,17029,-0.1421117088122605,,
181,17031,-0.07323027969348654,-0.27334454828660404,-0.16289795150793654
182,17037,-0.02691413295019159,,-0.13527278126761907
183,17043,-0.049674272030651355,-0.2811959813084107,-0.16175955538031744
184,17045,-0.017019257088122602,,
185,17075,-0.08587431800766294,,
186,17081,-0.15098798850574707,,
187,17089,-0.06788213026819917,-0.2766441744548288,-0.1485130824543174
188,17093,-0.05547559463601535,,-0.08466692069553022
189,17097,-0.0656190038314176,-0.25487775700934606,-0.1564740193015238
190,17099,-0.11489181226053645,,-0.14463662866622215
191,17111,-0.03558992605363983,-0.27516329595015576,
192,17113,-0.03389203448275862,,
193,17119,-0.07481435593869731,-0.17851176635514004,-0.029011399991111082
194,17143,-0.030057710344827588,,-0.10578867939965082
195,17167,-0.1498350199233717,-0.19852002803738336,-0.06857461599266666
196,17179,-0.05049705363984674,,-0.0924207589320635
197,17197,-0.04864008038314178,-0.28788676012461073,-0.2226694600161904
198,17201,-0.02304096475095784,-0.2445230529595016,-0.14367212717301578
199,18001,-0.06613208697318011,,
200,18003,-0.11086721839080452,,
201,18005,-0.06948587739463602,,-0.08583336529523809
202,18011,-0.049939591570881244,,
203,18033,-0.11132977011494252,,
204,18039,-0.044597321839080425,-0.20177809968847357,
205,18043,-0.048984399233716454,,0.006141119690193633
206,18049,-0.024878850038314165,,
207,18057,-0.07412064942528737,-0.24958199283489071,
208,18059,0.044214160919540224,,0.17524190031079354
209,18063,-0.0827820229885057,,
210,18067,-0.17432411494252892,,
211,18069,-0.12169003065134097,,
212,18071,-0.1483895528735632,,-0.06483145702066656
213,18081,-0.07970982758620686,-0.2020167912772585,
214,18089,-0.06656716704980846,-0.31007236760124635,
215,18091,-0.06523080459770113,-0.29041655140186906,-0.07708077787936511
216,18095,-0.09459473563218385,,
217,18097,-0.04771899233716475,-0.225272579439252,
218,18109,-0.07192878544061301,,
219,18123,-0.028168766283524917,,
220,18127,-0.05564360153256701,-0.3094735202492211,
221,18163,-0.05670270881226051,-0.17475037071651095,0.11773766016069837
222,18167,-0.13844684597701137,-0.17809262679127716,
223,18177,-0.1279896283524905,,-0.27265999193272966
224,19049,0.013234517241379308,,-0.1521378189134286
225,19057,-0.017653111111111112,,
226,19101,-0.1082829885057471,,
227,19153,-0.0670498850574713,-0.19464988785046747,-0.175860336846984
228,19155,-0.02976456781609195,-0.12292010591900308,
229,19169,0.031544563218390824,,-0.17165603199206347
230,20045,-0.06238285440613024,,-0.11657092091746037
231,20057,-0.015164076628352504,,-0.0394535873044127
232,20091,-0.04768145977011493,-0.1575609626168225,
233,20103,-0.07016445593869736,,
234,20121,-0.08812902681992338,,
235,20155,-0.12123227969348663,,0.07195892361596824
236,20173,-0.11024605747126442,-0.193377339563863,0.004151542787650803
237,20177,-0.15085189272030658,-0.31504375700934606,-0.06434718962034285
238,20209,-0.05761784674329502,,
239,21015,-0.1485699195402298,,
240,21037,-0.1314371272030651,-0.20590626168224313,-0.14966067298371444
241,21067,-0.09146345210727967,-0.24884532710280402,-0.03394164633650794
242,21073,-0.03843779118773946,,
243,21111,-0.07020235823754788,-0.2371920373831777,-0.1057774288352381
244,21117,-0.08612124406130275,-0.10838050467289718,-0.1506762195524444
245,21161,-0.06094701149425284,,
246,21179,0.01843948233716476,,-0.12755671089780962
247,21185,-0.041998681992337174,,-0.10603805618542854
248,21199,-0.10922544827586197,,-0.11879774298438085
249,21209,-0.15419195095785435,,-0.03965505056733337
250,21211,-0.1143409348659003,,0.04061720618095239
251,22033,-0.08867473946360152,-0.2007155202492211,-0.11925911096758737
252,22047,-0.15232765134099618,,
253,22051,-0.09712621072796931,-0.23868482866043617,-0.04651251125241263
254,22055,-0.11584408237547875,,-0.034684730049523875
255,22063,0.07375959770114941,-0.24741420031152664,0.034357447811650815
256,22071,-0.17358032567049828,-0.3486169595015579,-0.09738413008669845
257,22075,-0.06670693486590039,,
258,22079,-0.06907156781609192,,-0.018883795651746003
259,22105,-0.03954660536398465,,0.009903476223111114
260,22117,-0.04525412260536396,,
261,23001,-0.05251853639846744,,0.02487175258263492
262,23003,0.019532846743295022,,0.007660495158412698
263,23005,-0.08504378429118772,-0.4772823987538941,-0.05057642472101591
264,23009,0.01474593486590035,,0.005806149273682554
265,23011,-0.08451759003831416,,0.041107714530476215
266,23013,-0.019227216513409966,,-0.03809251523205713
267,23017,-0.1491275475095785,,-0.08555114276879364
268,23019,-0.12247316781609194,,-0.020127561580612706
269,23021,0.01202549425287357,,-0.06638767658888889
270,23027,-0.010529532567049806,,-0.004132101692666657
271,23031,-0.04989322873563219,,-0.051452571441650774
272,24003,-0.06508548160919546,-0.23177311526479738,-0.15090639079209536
273,24005,-0.061160057471264344,-0.2596924607476637,-0.0922937559415523
274,24009,-0.1003280766283525,,-0.07766922232885712
275,24013,-0.08029046819923376,,-0.10250542263895233
276,24015,-0.17409025708812273,,-0.16411212737682535
277,24017,-0.18418704597701158,-0.2368838940809968,
278,24019,-0.04859160536398469,,-0.07876417812888892
279,24021,-0.09109690038314174,-0.20328667912772588,-0.09581904388542858
280,24025,-0.08221023754789278,-0.21691229906542048,-0.035874294979269826
281,24027,-0.06750545210727972,-0.2617345794392526,-0.11988441566244434
282,24031,-0.0827463662835249,-0.28629968847351994,
283,24033,-0.08340376206896548,-0.22805644236760134,
284,24035,-0.07779534099616851,,0.018202506085396676
285,24041,-0.05687519080459771,,-0.04560221387247619
286,24043,-0.06845170881226054,-0.24370594080996885,-0.017672187343809542
287,24045,-0.0885911697318007,,
288,25001,-0.038598210727969304,-0.3022784797507786,-0.20434506387873017
289,25003,-0.21064187697318001,,-0.07028871484507972
290,25005,-0.10654827279693495,-0.22347472897196244,
291,25009,-0.10263645440613026,-0.3080251713395637,
292,25011,-0.11403640613026828,,
293,25013,-0.14870727203065134,-0.22667341962616833,-0.06731351084225397
294,25015,-0.14833328735632187,,
295,25017,-0.10523711877394634,-0.32669867289719606,-0.021909656836793672
296,25021,-0.07854853754789275,-0.28774441433021797,-0.05780381358784763
297,25023,-0.10842516091954026,-0.26350230716510886,
298,25025,-0.13632174291187732,-0.3431844049844243,-0.1364891396378792
299,25027,-0.09947960536398467,-0.29260437383177546,
300,26005,-0.14272622988505745,,
301,26015,-0.12019701149425284,,
302,26021,-0.133340509578544,,
303,26025,-0.10159862835249045,-0.23684067601246098,
304,26037,-0.11525671072796943,,0.03191854725184445
305,26045,-0.11646888160919534,,0.015179561769238098
306,26047,0.008798172911877391,,-0.140074819224
307,26049,-0.11513660229885057,-0.2651693769470407,0.028952200475777772
308,26051,-0.14524332183908054,,
309,26055,-0.011431969348659038,-0.2649409501557632,
310,26065,-0.08938124482758622,-0.2856294704049845,0.007422219078063477
311,26073,-0.12388172413793103,,
312,26075,-0.09363926973180077,,-0.05051562075295878
313,26077,-0.17275241685823756,,0.04480505750126978
314,26079,-0.15530291570881224,,
315,26081,-0.09735399042145591,-0.2897478193146415,
316,26091,-0.15287569348659014,,-0.08348330472031742
317,26093,-0.17589077777777787,-0.29264448909657365,-0.042884825674603194
318,26099,-0.12472081264367817,-0.26973873520249214,-0.08265788597717458
319,26111,-0.16441393869731777,-0.29590939595015553,-0.12108765731619041
320,26117,-0.09264767432950183,,0.13844709485057144
321,26121,-0.14782455310344836,,-0.0623764510009524
322,26125,-0.09290499272030645,-0.26102803115264805,0.03462077113698411
323,26139,-0.1213846333333333,-0.3060572585669782,0.011167841125428568
324,26145,-0.12168322605363979,,-0.018283460207612727
325,26161,-0.10979944444444455,,-0.16998754894158735
326,26163,-0.1314661532567051,-0.2593993831775702,0.005933691992698402
327,27003,-0.024208528735632204,-0.20864157943925232,-0.13422697506603173
328,27025,-0.04462555938697316,,-0.07403818742158728
329,27027,-0.0012930153256705016,,0.012050431829523813
330,27035,-0.0693970268199234,,-0.022070641132031756
331,27037,-0.05903181992337167,,-0.1232193837281587
332,27041,-0.13569491570881234,,-0.010545946135460319
333,27053,-0.10135992796934866,-0.22345429906542025,-0.14878453349714274
334,27067,0.007261403831417621,,-0.1947530157615872
335,27109,-0.11920241379310345,-0.22026941121495344,-0.09009066968193652
336,27115,-0.01173482758620689,,-0.08611873817936506
337,27123,-0.08242336398467437,-0.19304907788162007,-0.10304138425495231
338,27131,-0.048043072796934885,,-0.07601806356761907
339,27139,-0.1943134406130268,,-0.09793500016155555
340,27145,-0.11293570881226052,-0.11527431277258568,0.05552829874504761
341,27163,-0.11866704444444443,,-0.13565301811523495
342,27171,-0.08721532183908041,,-0.06359565388476196
343,28033,-0.0412772275862069,-0.18427026168224292,-0.017284536589333307
344,28047,-0.05660569003831417,,0.035108983854920624
345,28073,0.0068121417624521135,,-0.14351955574984127
346,28081,-0.13188481111111108,,-0.13616858099114276
347,28089,-0.21148618390804588,,-0.17815899676603175
348,28091,-0.14481657088122607,,
349,28093,0.04127388534865899,,0.019512253962222226
350,28109,0.03805678888888888,,
351,29019,-0.13414362452107284,-0.21472512772585667,
352,29021,-0.049385383141762426,,-0.08559555566571425
353,29037,-0.022378777777777765,,
354,29047,-0.027837521072796943,,-0.12804034283933327
355,29051,-0.035868030651340976,,
356,29073,-0.024854394636015315,,
357,29077,-0.1012498122605364,-0.17376995700934592,
358,29089,0.09895525670498088,,
359,29095,-0.06625561283524908,-0.15884561370716493,-0.1587490954926984
360,29097,0.0448542375478927,,-0.0028395744618095243
361,29099,-0.05574047126436782,-0.17987408099688476,0.07476564769873015
362,29165,-0.04713087356321842,-0.1948462866043613,
363,30031,-0.11981678160919547,,
364,30063,-0.10350253065134098,,
365,31047,0.0187599233716475,,-0.090797028861619
366,31055,-0.05894547509578545,-0.1704462647975079,-0.09895665374555551
367,31109,-0.031268644827586234,-0.15247395327102772,-0.05952566345269842
368,31153,-0.09644768582375479,-0.10953302180685365,-0.10065669197330163
369,31177,-0.10054451724137933,,-0.1285416285682541
370,32003,-0.13813240996168571,-0.22000490809968817,-0.15082050731453972
371,32005,0.03298001532567047,,-0.11149955582063485
372,32019,-0.08840036398467431,,-0.05011743347050795
373,32031,-0.041192881226053635,-0.26703199376947045,-0.1375306984520633
374,32510,-0.05818157088122608,,-0.20388827325682538
375,33001,-0.07215589272030651,,-0.1024407710314286
376,33005,-0.049459876245210754,,0.02281081581133335
377,33009,-0.09994599233716475,,
378,33011,-0.0881846950191571,-0.2423842367601248,-0.052763304758126975
379,33013,-0.046392929885057485,,0.04670562868726983
380,33015,-0.0845708122605363,-0.35526486604361396,-0.09018945114222225
381,33017,-0.11870181226053644,,-0.14735929512409526
382,33019,-0.11483004980842906,,
383,34001,-0.10942172413793108,-0.28601024610591946,-0.08734031132765077
384,34003,-0.10920749641762457,-0.2339986199376947,-0.08070504394819043
385,34005,-0.10415769233716479,-0.26597805295950167,-0.08228873033999998
386,34007,-0.14557045440613023,-0.21035708099688472,-0.0013888346986349388
387,34009,-0.028137287356321837,-0.2907315887850467,-0.03396301584190477
388,34011,-0.10608786973180086,,0.0026647350718412657
389,34013,-0.13752101570881223,-0.31106385763239847,
390,34015,-0.11606124137931044,-0.22244811214953258,-0.0552140474551429
391,34017,-0.14787990804597695,-0.2781695015576326,-0.12634886646034924
392,34019,-0.08681760191570875,,-0.05601103803609518
393,34021,-0.1008190122988506,-0.2736656105919006,-0.17395774872012698
394,34023,-0.09233529885057473,-0.278098785046729,-0.11439539640825386
395,34025,-0.07807949999999997,-0.26880042367601276,-0.04026992152380641
396,34027,-0.10761854482758622,-0.32747792741433,-0.09031833933406357
397,34029,-0.05928313793103445,-0.2468383613707164,-0.04069618926539689
398,34031,-0.15225040229885062,-0.2946630685358253,-0.00906829499460955
399,34033,-0.13612061302682,,0.014535021310152392
400,34035,-0.10549309042145598,-0.2926956074766352,-0.1305861175065936
401,34037,-0.14498272413793115,-0.2296423925233645,-0.07989499972828573
402,34039,-0.120409783256705,-0.23134405887850457,-0.10775157123936514
403,34041,-0.14799823716475086,-0.2110782710280375,-0.17356010795463497
404,35001,-0.09024260919540232,-0.24511840498442355,-0.1280413333596824
405,35025,-0.004416551724137937,,-0.09697523197041283
406,35043,0.0063788429118774,,-0.08130643516930161
407,35045,-0.08520534750957848,,-0.18349000298352375
408,35049,-0.18571400383141753,-0.2548977009345794,-0.18072538070796818
409,36001,-0.08134704214559384,-0.2292941121495325,
410,36003,-0.10147894406130269,,
411,36005,-0.1144494260536399,-0.1906745420560748,-0.1392423125717492
412,36007,-0.11946442605363986,-0.2590647507788166,
413,36009,-0.11199961685823753,,-0.2836165082888889
414,36011,-0.06792512758620685,,
415,36013,-0.13103148505747123,,-0.014053326687872986
416,36015,-0.12358798701149429,,-0.03364839678676193
417,36017,-0.10728564386973183,,
418,36019,-0.13960672030651336,,-0.08634294245463486
419,36021,-0.10176942528735636,,-0.17524944743241264
420,36023,-0.0869857164750958,,
421,36025,-0.07072798467432957,,
422,36027,-0.14777291187739466,-0.25075767289719647,-0.17043236174574594
423,36029,-0.121366878927203,-0.2930544236760124,-0.07406196813269843
424,36031,-0.16675009846743283,,-0.07581794928603176
425,36033,-0.17869079578544048,,0.0016823589695555547
426,36035,-0.06261088122605367,,-0.08494785106320635
427,36037,-0.0806312988505747,,-0.08351711151269835
428,36039,-0.07210698122605358,,-0.007169123163168246
429,36043,-0.03842534482758623,,-0.005361987074920633
430,36045,-0.0691275785440613,,-0.05752590491101589
431,36047,-0.1691160229885059,-0.23728242990654183,
432,36049,-0.07949203295019158,,
433,36051,-0.13643309195402314,,-0.05681273988060317
434,36053,-0.08601310088122603,,-0.10105128550025712
435,36055,-0.08837863601532557,-0.2883315202492213,-0.09840164448412711
436,36057,-0.12459367816091955,,
437,36059,-0.11641095823754792,-0.2839841476635513,-0.1267219649486032
438,36061,-0.17113677777777772,-0.36358347663551466,-0.20901145687704753
439,36063,-0.09982264137931027,-0.19786465420560737,-0.12330450145142854
440,36065,-0.11460833735632185,-0.14682955140186912,-0.09646722581238103
441,36067,-0.10047104214559378,-0.22717766355140184,-0.09903274603111122
442,36069,-0.07045698544061305,,-0.06605486364850795
443,36071,-0.1593175555555554,-0.29467532710280364,-0.1629294663107619
444,36073,0.0030805095785440715,,
445,36075,-0.12066609195402289,,-0.009826317365619052
446,36077,-0.08906250957854413,-0.27526669781931445,-0.12128954544380947
447,36079,-0.13785778544061295,,-0.11916768277968245
448,36081,-0.1376314842911877,-0.24828716199376932,-0.11018584132980955
449,36083,-0.07839751724137925,,
450,36085,-0.16857782758620693,-0.21112937757009348,-0.15138782518761906
451,36087,-0.09354855938697323,-0.2275319271028033,-0.1270622421802572
452,36091,-0.10050906704980839,-0.3014984423676011,-0.03228374583720637
453,36093,-0.12731798697318014,,-0.03344136516126986
454,36095,-0.09982507624521074,,0.09610609178917455
455,36099,-0.11072604597701147,,
456,36101,-0.14573998199233712,-0.28365526479750774,-0.07126559812984068
457,36103,-0.06714733793103457,-0.25934793457943967,-0.04016060622507934
458,36105,-0.05807411915708809,,-0.17282740422990797
459,36107,-0.1256579655172414,,
460,36109,-0.1603587662835247,,
461,36111,-0.09048486206896549,-0.2796908411214956,-0.040370479293904755
462,36113,-0.014200118773946372,,-0.07127336522857149
463,36115,-0.11156547892720305,,-0.027304095221904773
464,36117,-0.07008590038314179,,-0.11087431756031745
465,36119,-0.12444989272030652,-0.2578457797507793,-0.16475257100698418
466,36121,-0.018500547892720307,,
467,36123,-0.10950150996168573,,-0.08938305039816824
468,37001,-0.06607422222222223,,-0.07142495881143172
469,37021,-0.1458509214559388,-0.3259283177570097,-0.1372287873353334
470,37025,-0.16750143333333334,,-0.11838666652793657
471,37035,-0.11732565134099625,-0.14185693769470403,-0.13915843815457155
472,37037,-0.04185318007662838,,-0.16107173612987302
473,37045,-0.22296663984674336,,0.08124501889111106
474,37049,-0.10777763984674343,,-0.13913011749968254
475,37051,-0.06322733793103444,-0.11407364890965727,0.005269974741492067
476,37057,-0.05919479042145596,,-0.007008606653968259
477,37063,-0.1296181609195402,-0.21010211838006235,-0.13489765111841254
478,37067,-0.09425398467432947,-0.16016172274143295,-0.062051812922857184
479,37069,0.07173287356321839,,0.006942057090444473
480,37071,-0.06825264367816092,-0.08290680311526488,-0.1030348695220317
481,37081,-0.12011266091954015,-0.1604900623052958,-0.07640448436803171
482,37083,-0.053111149425287336,-0.07426186915887846,
483,37085,0.006020008045977012,,-0.030345149322571416
484,37089,-0.11247975977011497,-0.23664676012461064,-0.08743267319904764
485,37097,-0.06831825632183908,-0.13349333146417455,-0.036633107737142886
486,37101,0.021226873563218403,,-0.0376444094535238
487,37105,-0.09321099042145597,-0.14886654205607472,-0.05881408211876194
488,37111,-0.06331029885057475,,-0.05367978712730158
489,37119,-0.08282987739463603,-0.19738639252336446,-0.11638328227739674
490,37125,-0.11982421072796924,,-0.05715933655434915
491,37127,-0.10368950191570883,,-0.1926509840085713
492,37129,-0.06707846551724139,-0.1340305112149532,-0.051326895214349244
493,37133,-0.209452172413793,-0.11057235825545167,-0.09371203786260324
494,37135,-0.11639509578544067,,-0.16036914278190476
495,37141,-0.020946640996168622,,-0.07059492817809511
496,37147,0.0009387739463601537,-0.1609145576323988,-0.11915117800742843
497,37151,-0.05614300881226052,-0.10636421869158878,-0.07781726627565078
498,37157,-0.050196808429118764,,-0.11104593058540317
499,37159,-0.0255092620689655,-0.15065905607476637,-0.1328839746727301
500,37179,-0.07125687739463607,-0.1381393582554517,-0.114105441133619
501,37181,-0.00795914942528737,,
502,37183,-0.06121179310344827,-0.19040383177570114,-0.12031010165952373
503,37189,-0.07754875478927202,,-0.1429415870504763
504,37193,0.03613314942528736,,-0.043051380836857146
505,38015,-0.06831231800766284,,-0.04150728394181905
506,38035,-0.18507868199233735,,0.00919390472984128
507,38089,-0.12206652107279692,,-0.1360677141331428
508,39003,-0.15184432796934877,,0.12571832964274599
509,39005,-0.1043894977011494,,0.07347228602857138
510,39007,-0.040408927203065104,-0.170946137071651,
511,39009,-0.02186501915708812,,-0.1457173560094921
512,39011,-0.07876739463601531,,-0.1410657109240952
513,39017,-0.0553228888888889,-0.2037257570093457,
514,39019,-0.018811444444444447,,
515,39023,-0.11495981226053638,,
516,39025,-0.05630611877394637,-0.1529986635514018,-0.11504053070793667
517,39027,-0.07164526053639846,,
518,39029,-0.05070519463601535,,-0.15639234941746027
519,39031,-0.10884726819923375,,
520,39035,-0.07046471264367812,-0.23908098130841157,-0.12049437144704755
521,39041,-0.041355777777777825,-0.23260949844236756,
522,39043,-0.055272839463601536,,-0.12392053961873013
523,39045,-0.09777078965517243,,-0.0497304323691809
524,39049,-0.08883770114942538,-0.19339423520249263,
525,39051,-0.10330434099616857,,0.055605492049523836
526,39055,-0.030149209578544042,,-0.27326168338444434
527,39057,-0.06336101724137931,-0.20648961993769457,
528,39059,-0.07522166819923366,,
529,39061,-0.07941581609195404,-0.1954881619937696,-0.18561019073269833
530,39075,-0.04829923371647511,,
531,39077,-0.08811086973180075,,0.041534349280317476
532,39083,-0.07024031340996169,-0.18450947040498447,-0.3050862854790158
533,39085,-0.08538042911877393,,-0.08753764133996826
534,39089,-0.05688115019157091,-0.15261298753894081,
535,39091,-0.08989039425287366,,
536,39093,-0.0674841597701149,-0.2672961218068533,
537,39095,-0.1000215931034483,,
538,39097,-0.010963798084291189,,
539,39099,-0.11780539425287356,,0.010667926993015876
540,39101,-0.10861472796934864,,0.011626987679301584
541,39103,-0.1019312256704982,-0.2490090903426792,-0.06560219355619044
542,39109,-0.08687707011494256,,
543,39113,-0.07953852490421462,-0.20069702492211827,
544,39119,-0.19094305747126442,,0.004871758716793656
545,39129,-0.06771468352490423,,-0.0609668955048254
546,39133,-0.09574671647509582,,-0.005377714459999996
547,39135,-0.058559743295019166,,-0.27971953350133333
548,39139,-0.03455685440613028,,0.046687908586669845
549,39143,-0.08255513409961686,,-0.1489833296704444
550,39147,-0.15797909195402302,,0.05305816544123809
551,39151,-0.048904157088122596,-0.15262479750778826,
552,39153,-0.06621547509578543,-0.23644881619937738,-0.18366120635206334
553,39155,-0.0899647126436781,,-0.04140384485234925
554,39157,-0.12589809195402302,,-0.06200653041514284
555,39159,-0.02009776513409962,,
556,39165,-0.06386269348659006,-0.28596526479750783,-0.177565714047619
557,39167,-0.020279265900383123,,
558,39169,-0.06532438314176245,,
559,39171,-0.09473674712643679,,0.06350612361520634
560,39173,-0.07475687279693481,,
561,40017,0.008518386973180076,,
562,40027,-0.1442007547892719,,
563,40037,-0.060796969348659,,-0.04077257785142857
564,40051,-0.11771790613026813,,-0.04072154644917463
565,40071,-0.29695817394636004,,
566,40073,-0.021139859386973183,,
567,40109,-0.06452344636015327,-0.22536072897196266,
568,40113,0.007978180076628354,,-0.07891991118390473
569,40131,-0.044459107279693474,,
570,40143,-0.04579235517241378,-0.2026800623052961,-0.05877309522825399
571,40145,0.07798830651340996,,
572,40147,-0.06735074813793104,,-0.09704259328952387
573,41003,-0.15084850574712624,,-0.11406901607873017
574,41005,-0.07017193869731803,-0.1901012753894082,-0.13253692679409523
575,41007,-0.10519763835249052,-0.22693084112149525,-0.1114446984688254
576,41011,-0.1065394907279694,,-0.001808863423968237
577,41015,-0.028301379310344838,,0.01702520602507935
578,41017,-0.08873594636015318,,
579,41019,0.0005498114942528761,-0.15199454828660428,-0.0448882860990476
580,41033,-0.008234988505747123,,-0.09776179030469845
581,41035,-0.03916486513409964,,-0.0069302219241270105
582,41039,-0.08981452873563218,-0.1701544049844236,-0.09427647629161905
583,41043,-0.09609452873563214,,
584,41047,-0.10891878927203068,-0.17476016884735193,-0.11667576526444443
585,41051,-0.13952106513409962,-0.29444470186915916,-0.1147600254316824
586,41053,-0.013407498467432966,,-0.03521842221612698
587,41071,-0.09081632950191566,-0.1595569190031153,
588,42001,-0.20401502835249047,,-0.18569570132828572
589,42003,-0.07302612643678164,-0.2322410093457945,-0.18784298388253967
590,42005,-0.07907194942528738,-0.13148892211838006,-0.1191349971977143
591,42007,-0.07594952145593875,,-0.024632174369111116
592,42011,-0.13443040229885056,-0.2615723676012459,-0.13276436830498414
593,42013,-0.0615642413793103,,0.2274386926923812
594,42015,-0.07388199578544062,,-0.02477604126631746
595,42017,-0.10426658045977011,-0.19388423364485977,-0.11522866675365072
596,42019,-0.09104655555555563,-0.22340054205607476,-0.22491449591111112
597,42021,-0.1650422881226054,-0.18969569158878513,0.05849950818580953
598,42029,-0.11654970881226072,-0.2683273146417447,-0.17235069853269858
599,42033,-0.0709663754789272,,-0.21527946760853967
600,42037,-0.06884454789272029,,0.08254663804479362
601,42039,-0.13227680842911888,,0.15308586886444436
602,42041,-0.0775837141762453,-0.2883906697819313,-0.12296050801904765
603,42043,-0.10751586973180073,-0.2864931433021807,-0.2417923809869842
604,42045,-0.07703893103448277,-0.17059414330218065,-0.03297563147622222
605,42049,-0.11779288122605365,-0.22516278504672893,0.16209714046879348
606,42051,-0.057321278160919566,-0.26314666666666675,-0.17995547505977777
607,42063,-0.03092361034482759,,0.1944620893213014
608,42069,-0.0915199808429119,-0.1767081464174455,-0.14987958157333334
609,42071,-0.10251482532567056,-0.2193558473520247,-0.13591119107057142
610,42073,-0.061665383141762474,,-0.13516822250479368
611,42075,-0.1401100666666666,,-0.16574676204222227
612,42077,-0.05435088927203065,-0.24503216199376926,-0.15795224791365076
613,42081,-0.03841275862068965,-0.13026489470404984,-0.12802833328663488
614,42085,-0.23776822988505752,,-0.020055206537841264
615,42089,-0.15647979157088113,-0.25356501557632377,-0.16860930179587294
616,42091,-0.06856062452107288,-0.27469234890965777,-0.04004483981155557
617,42095,-0.10909113793103448,,-0.13712615884793658
618,42097,-0.003015067432950192,,0.21300691440571431
619,42099,-0.09325714176245209,,-0.2421296192282539
620,42101,-0.11874549425287353,-0.2754020716510906,0.055645000163428555
621,42103,-0.07409523371647507,,-0.16406402579803167
622,42107,-0.1058154789272031,,-0.1565889746120952
623,42117,-0.06976029118773948,,
624,42121,-0.13087043678160906,,
625,42125,-0.06588633678160924,,-0.1299685395853968
626,42127,-0.09992570881226057,,-0.06544698420384126
627,42129,-0.08401992528735631,-0.18646020124610613,-0.25804577184003175
628,42133,-0.12732362337164732,-0.3822558638629284,-0.17600789185688892
629,44001,-0.09524893486590036,,
630,44003,-0.1259855528735632,,-0.004141681608565094
631,44005,-0.09776413026819922,,
632,44007,-0.13052231800766284,-0.2844528317757009,-0.15839328564063476
633,44009,-0.037083126436781626,,0.012108062948888908
634,45003,-0.02159835632183906,,0.012483599844190509
635,45007,-0.10184172796934861,-0.1018044112149533,
636,45013,-0.04808698390804602,-0.1948279127725858,-0.079774771575619
637,45015,-0.011692408429118777,,-0.05283649545301584
638,45019,-0.08469215708812265,-0.1454528691588784,-0.051264101428231734
639,45035,-0.04605727088122603,,-0.01875061911939683
640,45041,-0.1451685517241379,-0.18795615576323987,
641,45045,-0.05248176245210728,-0.165882,-0.037609622110825386
642,45047,0.005051970114942532,,-0.05619130141422229
643,45051,-0.07169139272030653,-0.18150038317756997,-0.13494634905333325
644,45057,-0.013602126436781605,,-0.05669726052387298
645,45059,-0.07194689272030655,,0.015621835004507947
646,45063,-0.06028648888888889,-0.11977865529595016,
647,45075,-0.045926877394636,,0.022965984196888882
648,45079,-0.08812425670498092,-0.15704634579439272,0.002265511326253964
649,45083,-0.06818192567049808,-0.1763797507788164,-0.04696040308701586
650,45085,-0.06950584674329506,-0.125754177258567,-0.12382846024380946
651,45091,-0.07619919501915705,-0.16299002803738313,-0.09601704747301595
652,47001,-0.15058495785440615,,-0.03134967875120635
653,47011,-0.05659737766283524,,0.023532151792063805
654,47037,-0.0752811494252874,-0.1931342741433023,-0.27618806270888907
655,47043,-0.030673163601532535,,-0.14443155539873026
656,47047,-0.0999270459770115,,-0.1890885318882603
657,47059,-0.06097022988505757,,-0.05450940941774604
658,47065,-0.12205725057471267,-0.1983761090342681,-0.11449601293720636
659,47093,-0.0842228390804598,-0.13527911838006235,0.007842062857460318
660,47113,-0.0960846114942529,,-0.0872049400342857
661,47125,-0.026099126436781594,-0.12474593084112154,
662,47147,-0.06665472413793096,,
663,47149,-0.06766177011494251,-0.2025997943925233,
664,47157,-0.07145716858237548,-0.15518852336448588,-0.035365831251838134
665,47163,-0.023478395402298857,,0.007735765215460319
666,47165,-0.043007762452107245,,
667,47179,-0.22500149923371646,,-0.06212362553704759
668,47187,-0.08084304597701153,,
669,47189,-0.041052731800766296,-0.20676887850467282,-0.11408292031523813
670,48027,-0.21609536398467444,-0.23604598442367603,-0.01636306957946033
671,48029,-0.09453865440613037,-0.2766913339563867,-0.08097719039117461
672,48039,-0.09741549770114942,-0.24243217102803738,-0.12338405077971418
673,48041,-0.025747941379310347,-0.21421106853582564,-0.10190435229177779
674,48053,-0.00852564367816092,,-0.03723268877117458
675,48061,-0.007591946360153265,-0.2141338691588785,-0.03829128629600953
676,48085,-0.14745000651340995,-0.16699512149532703,-0.1365963650997459
677,48091,-0.06447626360153257,-0.11688351401869154,-0.06300412794701588
678,48113,-0.06639559003831422,-0.19075504299065396,-0.11447353496920641
679,48121,-0.07101855172413789,-0.22398160124610583,-0.10143724782790471
680,48135,-0.08600503831417623,,-0.5714563973546348
681,48139,-0.051021137931034494,-0.21126747352024916,-0.07153309516120317
682,48141,-0.09039672413793103,-0.20775941433021827,-0.19839977750730164
683,48157,-0.1414429034482759,-0.2739888909657318,-0.09139533644971429
684,48181,-0.02000563333333334,-0.1944522242990655,-0.1273493870836507
685,48183,-0.12288550114942513,-0.1623689190031153,-0.15117850756476195
686,48187,-0.08272007662835247,,
687,48201,-0.05051531800766283,-0.26018336137071657,-0.09030141917244452
688,48209,-0.061891444444444436,,-0.024976783966031757
689,48215,-0.013093904214559384,-0.20832407165109035,-0.045912995292444476
690,48245,-0.10982527586206899,-0.21933682242990651,-0.010664695789657145
691,48251,-0.06711605708812261,,-0.07313471102320643
692,48257,-0.06500335632183908,-0.19991858878504673,-0.0770630700056508
693,48259,0.023619888888888888,,-0.04297019051365077
694,48291,-0.06983747643678155,,-0.1292766664739682
695,48303,-0.006405877394636014,,-0.1286863645213652
696,48309,-0.04803658199233716,,-0.012124989204285683
697,48329,-0.10816777777777778,-0.21674058566978216,-0.31194539979685715
698,48339,-0.05979853256704982,-0.1848014797507788,-0.11615203778282544
699,48355,-0.0274678429118774,-0.2747722741433025,-0.04946125086987307
700,48361,-0.027660352107279695,-0.17346037187500002,-0.007798415726634924
701,48375,0.01810047509578544,-0.19100503115264797,-0.27875911033428574
702,48397,-0.08285683524904221,-0.18966994704049842,-0.1659208573320634
703,48423,-0.05763579272030653,-0.13263612461059188,-0.010255149245015869
704,48439,-0.04536785440613029,-0.1906214573208723,-0.09011355216990473
705,48451,-0.05243403639846742,,
706,48453,-0.08964473563218392,-0.2761391152647976,-0.01490864689888571
707,48471,-0.10073430268199234,,0.08595465696098414
708,48473,0.015390298850574715,,-0.04742705828634601
709,48477,-0.10549283409961689,,-0.0724587339768254
710,48485,-0.04070050574712644,,-0.047652203143841255
711,48491,-0.10492542758620689,-0.1954570872274145,-0.01975855866095241
712,49005,-0.15326166551724135,-0.12864653271028037,-0.15645359691390476
713,49011,-0.006399352490421465,-0.1315197009345795,
714,49035,-0.09223504597701149,-0.14575909657320868,-0.07182992992736506
715,49043,-0.21517250191570894,,-0.1207379073117777
716,49045,-0.18032413793103458,,
717,49049,-0.06580327509578546,-0.1397131775700934,-0.15253507256282547
718,49051,-0.13375960919540236,,0.00349371441841271
719,49053,-0.03183494252873566,,
720,49057,-0.06287503831417625,-0.15838578193146427,0.044370733434380964
721,50001,-0.12487727624521075,,-0.16192269239942836
722,50003,-0.0785671647509578,,
723,50005,-0.08429687356321838,,
724,50007,-0.1689556666666665,-0.2489379214953276,
725,50015,-0.25024375862068965,,
726,50021,-0.13815805747126433,,
727,50023,-0.12193394827586204,,-0.2570116188625396
728,50025,-0.11318955593869731,,-0.15395649198034922
729,50027,-0.15305031532567054,,
730,51003,-0.129122153256705,,-0.0637915083303809
731,51013,-0.09611533333333341,,-0.21066920606380943
732,51015,-0.09399888620689659,,-0.20814647538542871
733,51019,-0.12098630268199238,,-0.07639829198095237
734,51041,-0.10463028735632188,-0.18507190342679133,-0.08997768222222216
735,51043,-0.048093636015325646,,-0.06468125089768895
736,51059,-0.06176286896551724,-0.22346948598130845,-0.16409230615619047
737,51061,-0.036647079310344825,,-0.1436910250803491
738,51067,8.689655172416474e-05,,-0.14595325052292077
739,51069,-0.11969527203065132,,-0.0704491425266667
740,51073,-0.0489419157088123,,-0.07410751005911755
741,51075,-0.07126578900383146,,-0.16184648524885709
742,51077,0.003072900383141764,,
743,51085,-0.18552401915708835,-0.235671090342679,-0.08152797464184132
744,51087,-0.10726709961685822,-0.218355100623053,-0.08371755527460324
745,51093,-0.05263013793103449,,-0.02476097773174607
746,51095,-0.07662975095785443,,-0.12320775876919675
747,51107,-0.07205997279693481,-0.2475707788161993,-0.11466713015428572
748,51137,-0.04901487318007661,,
749,51145,-0.09506783908045974,,-0.08581214950609532
750,51149,-0.10663295938697309,,-0.06445319679146036
751,51153,-0.03031125900383142,-0.2167288847352027,-0.15519323813714275
752,51165,-0.010506083639846748,,
753,51171,0.017915478927203066,,-0.006916158748571435
754,51177,-0.04709270881226052,-0.22900037383177568,
755,51179,-0.10596194980842909,-0.1904802211838008,
756,51187,-0.025679413793103456,,-0.16290537498253976
757,51199,-0.0036857923371647543,,-0.06459457144158727
758,53005,-0.09095374712643665,-0.17122904984423662,-0.1078171111425397
759,53007,-0.0851129808429119,,-0.06946932367088894
760,53011,-0.07886646360153256,-0.38415544859813056,-0.11947955547523813
761,53015,-0.06619953333333335,,-0.08900439073076194
762,53031,-0.07042720459770113,,0.005673396638412698
763,53033,-0.08099589655172415,-0.24712049844236783,-0.17148632055701582
764,53035,-0.04124850191570882,-0.21068159190031138,-0.09735377823574609
765,53053,-0.0697768620689655,-0.24000838006230532,-0.07943620666609527
766,53057,-0.10960707662835252,,-0.04483704774209516
767,53061,-0.12938860919540224,-0.21526171339563865,-0.0874099492663175
768,53063,-0.04534629118773944,-0.1275464454828659,
769,53067,-0.10145358237547904,-0.22281130841121496,0.07981319723809843
770,53073,-0.07855298593869733,-0.17975138940809976,-0.023467371762222196
771,53077,-0.0242662490421456,-0.1928820996884735,-0.06415132685403174
772,54011,-0.10847624356321842,-0.21958543613707146,0.06904960311707936
773,54023,-0.034693430268199224,,
774,54033,-0.07920263333333327,,-0.13827281860854915
775,54039,-0.12629388122605364,-0.17437907476635506,0.009284263633999996
776,54061,-0.12458817624521072,-0.19370900623052964,-0.04763493036180951
777,54069,-0.08131570498084284,,
778,54095,-0.06805259003831414,,
779,54099,-0.11723744827586205,,
780,55009,-0.11512727892720301,-0.2063739563862929,-0.08131973016120636
781,55017,-0.0678195019157088,,-0.08264619386701584
782,55025,-0.08801351724137932,-0.2501074828660438,-0.1279258413504762
783,55027,0.01909484022988505,,0.04984023812920636
784,55035,-0.09949223639846741,,-0.10273825401619052
785,55039,0.02653814942528737,,0.0050081618122857
786,55055,-0.06258283908045977,-0.17792099688473514,
787,55059,-0.04645177777777778,,-0.3010961272333332
788,55073,-0.0644961264367816,,-0.02181221565749204
789,55079,-0.05664843908045977,-0.2534909657320874,-0.11090766320504762
790,55087,-0.09331679310344829,,-0.0803932117248508
791,55089,-0.13485694559386976,,-0.08232260002342856
792,55097,-0.06783907662835247,,-0.16618672670384138
793,55101,-0.07798762720306514,,-0.1783647524104761
794,55105,-0.08405963984674328,,
795,55111,-0.054721103448275875,,-0.07221222234095243
796,55127,-0.04597367279693487,,-0.03438467929006349
797,55131,-0.06498347509578543,,-0.11607200018380953
798,55133,-0.026831921072796923,-0.24638130841121467,-0.14705685710063482
799,55139,-0.12415993486590042,,-0.0951683994773017
800,56025,0.013729383141762464,-0.359201775700935,0.10575624084946031
801,56039,-0.05642042183908048,,-0.12392258401526983
802,1043,,-0.05445243395638631,-0.05753727749539359
803,1069,,-0.14279802803738323,-0.019751878639695263
804,1095,,-0.20794280373831775,-0.05725464748279372
805,1103,,-0.19185320560747665,-0.11934486662473022
806,2020,,-0.2712527414330214,-0.14609961887174597
807,5045,,-0.15215799999999996,-0.041938536617746026
808,12033,,-0.20630942367601254,-0.12150133320825399
809,12073,,-0.18518740498442365,-0.01563228897057143
810,12109,,-0.2573430841121497,-0.04795187169885399
811,12111,,-0.14749901557632417,-0.09921781318133337
812,13073,,-0.1850606853582554,-0.11082486805111093
813,13095,,-0.22162237071651078,-0.15268271822349205
814,13223,,-0.17883939563862927,-0.0295291675292381
815,16019,,-0.14041204672897192,0.04125459367593649
816,16055,,-0.1571932056074766,
817,17161,,-0.2097211121495327,-0.03568264425053337
818,17163,,-0.15958480280373827,-0.10152203164603175
819,17183,,-0.14049588785046746,
820,17199,,-0.032501308411214964,
821,18037,,-0.21727311526479745,-0.16428680288104763
822,18053,,-0.1977208411214953,
823,18141,,-0.23646258566978196,
824,18157,,-0.20267609657320868,
825,19013,,-0.2065474610591901,-0.1550416822746033
826,19045,,-0.24208331152647966,-0.005588134851365083
827,19061,,-0.2108897601246105,-0.10899974637079377
828,19113,,-0.22673792523364503,-0.10982971754571429
829,19193,,-0.09321356386292831,-0.12435460311396822
830,20161,,-0.23817130841121495,0.09055446655047615
831,21019,,-0.14788568847352013,
832,21035,,-0.17234283800623065,
833,22015,,-0.10959291900311534,-0.05913905357485718
834,22017,,-0.20339937632398755,-0.006724965031460314
835,22019,,-0.3992157133956388,0.0006469244940634821
836,22073,,-0.1850955264797506,-0.10675177811746027
837,22109,,-0.29311574299065446,-0.06163982530857134
838,24510,,-0.3085872990654207,-0.038937225500666604
839,26115,,-0.19971848286604363,-0.0020259585478412637
840,27137,,-0.13995840809968854,-0.13451114274634926
841,27141,,-0.1886283177570091,-0.0794713568029238
842,28121,,-0.19180225545171323,-0.03901246019012699
843,29071,,-0.1035598006230529,0.0003277239275872993
844,29145,,-0.18816414641744544,
845,29161,,-0.12189736137071654,
846,29183,,-0.16339158878504662,-0.09080461599879366
847,29187,,-0.10154878504672885,
848,29189,,-0.21514831775700918,-0.08717145374219054
849,29510,,-0.23095825233644848,-0.08112947313933333
850,30029,,-0.18407044548286616,
851,30047,,-0.1523082242990654,
852,30049,,-0.12996335514018686,
853,30111,,-0.2345871433021806,
854,35013,,-0.3367887850467296,-0.17807193973333338
855,37019,,-0.1586898598130842,-0.09207757744365076
856,37155,,-0.08957366666666666,-0.031180444286984126
857,37191,,-0.11589152950155752,-0.2079696032689206
858,41029,,-0.20727877258566996,
859,41067,,-0.17549614517133943,-0.13056887639044434
860,42009,,-0.13910468224299052,0.07209828564095241
861,42055,,-0.17695506542056083,-0.01188101595787301
862,42065,,-0.04738047009345794,0.07331041126507933
863,42079,,-0.1667718660436137,-0.0027981972339364996
864,46099,,-0.17928003676012472,-0.09661599976603176
865,47119,,-0.25167485981308385,-0.603097080812381
866,48049,,-0.20789781931464185,0.11677780946888885
867,48167,,-0.25806877570093445,-0.06539065712187306
868,48171,,-0.21740377320872273,-0.14250707470413007
869,48427,,-0.2860614610591903,-0.17446406326596817
870,48479,,-0.20923928348909668,-0.19935980959873018
871,48495,,-0.06302855799373042,
872,51161,,-0.20729934579439258,-0.04310628858507935
873,51550,,-0.1718607725856698,
874,51700,,-0.20257511838006234,-0.0411117634981143
875,51710,,-0.17665074766355154,
876,51760,,-0.0933180924610592,-0.0956724064292381
877,51770,,-0.11111495327102809,-0.09386444281710157
878,51800,,-0.16005764174454817,
879,51810,,-0.22094364174454856,-0.04399087970660008
880,54003,,-0.1786127414330218,0.009662808581650783
881,54081,,-0.09521585109034275,-0.08121479376031744
882,55063,,-0.2353638473520251,-0.17937069815298406
883,55109,,-0.1314763398753894,
884,55117,,-0.274755981308411,-0.04135797159371425
885,1001,,,-0.016483288395904776
886,1009,,,-0.03466198416885708
887,1019,,,-0.13595505347016196
888,1021,,,-0.02074296207079366
889,1031,,,-0.020020018821999983
890,1033,,,0.03191876810450792
891,1037,,,0.03533965086000002
892,1039,,,-0.14035439384257148
893,1041,,,-0.24549212705777768
894,1045,,,-0.007421104830761904
895,1047,,,-0.033227774405152434
896,1049,,,-0.12471321264822226
897,1051,,,-0.050602902145746066
898,1055,,,-0.08850959955082534
899,1059,,,0.03339596800638095
900,1061,,,-0.009980282676476165
901,1067,,,0.14175098275047604
902,1071,,,0.01911611756571429
903,1075,,,0.016725599770857157
904,1077,,,0.015365682491174587
905,1079,,,0.015963968030158735
906,1083,,,-0.08311867337266667
907,1093,,,0.0900342215161905
908,1105,,,0.03824790144974602
909,1109,,,-0.022301435791209526
910,1111,,,0.03705326987904762
911,1113,,,0.021612192812066666
912,1115,,,0.08642709056136508
913,1121,,,0.1204313810974285
914,1123,,,-0.1063311747333333
915,1127,,,-0.03635716444882537
916,1133,,,0.09209657236349206
917,2110,,,-0.21419317463079374
918,2122,,,-0.06717759675168249
919,2130,,,0.051769682476825354
920,2150,,,-0.12917954625171438
921,2220,,,-0.2695385089301589
922,2261,,,-0.13844206347301585
923,4009,,,-0.008332177979904777
924,4012,,,-0.05194458422768249
925,4017,,,-0.0019247775294920937
926,5001,,,-0.19194272795844436
927,5003,,,-0.1230559691304762
928,5005,,,-0.18905917461714275
929,5015,,,-0.10520028597238093
930,5023,,,-0.14452746035333333
931,5033,,,0.03579188028853966
932,5063,,,-0.13683612320853966
933,5067,,,-0.13963451498695234
934,5085,,,0.032261276084190466
935,5091,,,-0.06580247606977777
936,5115,,,-0.08926606318409533
937,5131,,,-0.08991443810085721
938,5145,,,-0.017170716602257136
939,6011,,,-0.12488093036422217
940,6023,,,-0.008429631520571438
941,6027,,,-0.039132085607650816
942,6035,,,-0.1827736194771428
943,6043,,,-0.0652759192526381
944,6051,,,-0.15297717582285714
945,6063,,,0.0157898662053968
946,6093,,,-0.03400840671142859
947,6103,,,-0.1723958765840953
948,6109,,,-0.15143561910634915
949,8003,,,0.05257211770574602
950,8007,,,-0.11260907920888878
951,8015,,,-0.0640577083586032
952,8021,,,-0.010278815688222236
953,8023,,,0.08976356760409526
954,8029,,,-0.12422455721326356
955,8037,,,-0.19086090784057133
956,8039,,,-0.05424514626295236
957,8043,,,-0.018402545983587353
958,8045,,,-0.0773409841914603
959,8047,,,-0.11503206362730155
960,8051,,,-0.10254501548380958
961,8081,,,0.015773033864730165
962,8083,,,-0.10370528271549213
963,8085,,,-0.054331217086869874
964,8087,,,0.006015714459968263
965,8091,,,-0.06277019106822224
966,8093,,,-0.15647180900190483
967,8105,,,-0.019053212758761904
968,8107,,,0.02117251143495238
969,8109,,,-0.022443688864825385
970,8113,,,-0.11583193652380946
971,8119,,,-0.08186662210641268
972,12003,,,-0.014932459551780948
973,12007,,,0.04434113328914283
974,12013,,,0.14949672970698402
975,12023,,,-0.052723113268244484
976,12027,,,-0.06027985412926977
977,12029,,,0.08357365111269843
978,12039,,,0.05576168259469842
979,12041,,,0.008795685564476184
980,12045,,,-0.07469364477809524
981,12047,,,-0.004672197231519998
982,12051,,,-0.009315028884825391
983,12059,,,0.011899079442222196
984,12065,,,-0.03495016613686351
985,12067,,,0.06332614316146029
986,12077,,,0.06008429526273015
987,12079,,,-0.049064564592666664
988,12113,,,-0.08327159161181273
989,12123,,,0.04960627306542858
990,12125,,,0.03255325409777778
991,12129,,,-0.019632850682911113
992,12131,,,-0.14308181275717444
993,12133,,,0.009723107813365077
994,13009,,,-0.06090227601803177
995,13013,,,-0.09810450795965081
996,13023,,,0.023887193784412706
997,13025,,,-0.06726222902520632
998,13029,,,-0.12876768914438091
999,13031,,,-0.1456736701045397
1000,13033,,,0.20555422159079356
1001,13035,,,0.018486383733777773
1002,13039,,,-0.025622850912380958
1003,13047,,,-0.02433131134384126
1004,13049,,,-0.033634073062095246
1005,13069,,,-0.073277371425746
1006,13071,,,0.15412677630761898
1007,13085,,,0.03878337812600003
1008,13087,,,0.1131496601600635
1009,13091,,,-0.010145133239619044
1010,13103,,,-0.07275160949936517
1011,13107,,,-0.0007935704527587278
1012,13111,,,-0.048393628374888885
1013,13117,,,-0.058986431802793664
1014,13119,,,-0.0767288891593651
1015,13123,,,-0.049785003255904785
1016,13127,,,-0.0846665301794286
1017,13129,,,0.02485034934857144
1018,13131,,,-0.1237277460095239
1019,13133,,,-0.09967116513403179
1020,13143,,,0.0015402982815873032
1021,13145,,,-0.013164922552066652
1022,13159,,,-0.08723370172415866
1023,13169,,,-0.10094278328000955
1024,13175,,,-0.05280974926031741
1025,13179,,,-0.003735904442222228
1026,13187,,,0.03023190482666664
1027,13195,,,-0.1000003712149842
1028,13197,,,0.12600660658000662
1029,13199,,,-0.1570810155822221
1030,13207,,,-0.005988425111079394
1031,13211,,,-0.10847965056730154
1032,13213,,,-0.038024063554793604
1033,13225,,,-0.10481803827787302
1034,13227,,,-0.07404457454358732
1035,13229,,,0.012970517325460318
1036,13231,,,-0.08951196352282535
1037,13233,,,-0.15401692051460317
1038,13237,,,-0.03598156311292063
1039,13241,,,0.1470976159114285
1040,13255,,,-0.010420432121657136
1041,13257,,,0.059363317541269854
1042,13261,,,-0.029714558922222235
1043,13285,,,0.0655466599809841
1044,13289,,,0.05385642851244445
1045,13291,,,-0.05034526193244446
1046,13295,,,-0.04682519059238092
1047,13299,,,0.004500813955279367
1048,13311,,,-0.1746793971034921
1049,15009,,,-0.017473581038920622
1050,16005,,,-0.03963956519434918
1051,16011,,,-0.028263681803428583
1052,16013,,,-0.08603662453842226
1053,16021,,,-0.006340844502444448
1054,16023,,,-0.015673333192380946
1055,16031,,,-0.0449045780323492
1056,16037,,,0.052525507187206374
1057,16041,,,-0.24730533338095245
1058,16043,,,0.029042507764603178
1059,16045,,,-0.019965628469714298
1060,16047,,,-0.013067015189301576
1061,16049,,,-0.10510965238539362
1062,16051,,,0.005223355510603181
1063,16053,,,-0.006734479337682531
1064,16059,,,0.0865221221209461
1065,16063,,,0.03432736135177775
1066,16067,,,-0.005880793566031775
1067,16075,,,-0.06185015257088891
1068,16081,,,-0.10657691447268898
1069,16083,,,-0.02156673330123808
1070,17001,,,-0.04865049553450794
1071,17007,,,-0.23134226702114302
1072,17027,,,-0.16224825425492068
1073,17049,,,-0.04117164145009521
1074,17057,,,-0.1264334638190794
1075,17061,,,0.02821010801320634
1076,17063,,,0.04416628572222221
1077,17067,,,-0.04314615548441268
1078,17073,,,-0.10012365078158736
1079,17077,,,-0.17296104102285706
1080,17083,,,-0.09101110161714918
1081,17091,,,0.1503631206882222
1082,17095,,,-0.15307262801184127
1083,17107,,,-0.1246002890380636
1084,17109,,,0.0024546348694920407
1085,17117,,,0.0403558537313016
1086,17123,,,-0.1357940950031747
1087,17125,,,0.02196530159209521
1088,17129,,,0.013038774297492037
1089,17131,,,-0.056449143761333365
1090,17133,,,0.014741260329244454
1091,17135,,,0.004178590323872998
1092,17137,,,-0.060826034877523805
1093,17147,,,-0.10508454155597144
1094,17149,,,0.03615468906371431
1095,17157,,,0.0937961013009524
1096,17171,,,0.05414323824282541
1097,17173,,,-0.029839683562796863
1098,17185,,,0.12752406374761902
1099,17187,,,-0.09056909522104767
1100,17195,,,-0.07551916794863492
1101,17203,,,-0.11161550134599997
1102,18019,,,-0.10305628596158732
1103,18029,,,-0.1450061139390477
1104,18031,,,-0.09763589200663489
1105,18051,,,0.059866726886158725
1106,18077,,,0.06121516151390479
1107,18079,,,-0.08152211734066674
1108,18087,,,-0.057792155744127
1109,18113,,,-0.05854019014539679
1110,18129,,,-0.02331186998212697
1111,18143,,,-0.08966267299111116
1112,18147,,,-0.08428647589841275
1113,18151,,,-0.11172933325888883
1114,18173,,,0.017727939791682544
1115,18183,,,-0.2523549525349207
1116,19011,,,-0.11929266703269834
1117,19015,,,-0.10933845745574607
1118,19017,,,-0.0854558128196508
1119,19019,,,-0.06411152420228575
1120,19023,,,0.05672691957269836
1121,19029,,,-0.010606850095907942
1122,19031,,,0.02925196734857141
1123,19033,,,-0.16878570804034923
1124,19047,,,-0.1291719051565079
1125,19059,,,-0.2210217454536508
1126,19085,,,-0.062126432649555495
1127,19087,,,-0.2427535553603176
1128,19097,,,-0.024002563109549187
1129,19099,,,-0.22932167959460303
1130,19105,,,-0.0045649854073015125
1131,19111,,,-0.1722520630517459
1132,19115,,,-0.06013672066752386
1133,19121,,,-0.01854435543803179
1134,19125,,,-0.12000405096701594
1135,19127,,,-0.2501129325533334
1136,19139,,,0.09216888838126987
1137,19149,,,-0.08903150468971428
1138,19163,,,-0.0204273087907302
1139,19171,,,-0.3476502219590474
1140,19179,,,-0.18936676140984116
1141,19181,,,-0.1797893962603174
1142,19187,,,-0.301812063078222
1143,20015,,,-0.07793146029269842
1144,20041,,,0.025937917310476188
1145,20051,,,-0.1828011427479364
1146,20079,,,-0.04686386670539683
1147,20085,,,-0.041735158422603204
1148,20099,,,0.0004603523039238114
1149,20111,,,-0.2976872062260317
1150,20113,,,-0.1862658418898412
1151,20123,,,-0.03343425408603176
1152,20125,,,-0.1388348191593968
1153,20139,,,-0.18096150205838077
1154,20149,,,-0.15977712939847616
1155,20151,,,-0.2515616956844762
1156,20153,,,0.0031856445452698437
1157,20169,,,-0.21550641322126976
1158,20175,,,-0.06632858261304128
1159,20193,,,0.026894968300349216
1160,21005,,,-0.1759748764165079
1161,21017,,,0.06401180472672699
1162,21027,,,-0.06244060664174606
1163,21029,,,-0.12130188278285718
1164,21033,,,0.09469294647523814
1165,21043,,,-0.052627056889841255
1166,21049,,,0.04661092058285715
1167,21059,,,0.026812730300952384
1168,21063,,,-0.057865737970869864
1169,21069,,,-0.030305079365079358
1170,21091,,,0.04884938702790476
1171,21097,,,0.031235676906669844
1172,21101,,,0.03020326982914284
1173,21107,,,0.10352369787396828
1174,21109,,,-0.36960546076539685
1175,21113,,,-0.03173043456663808
1176,21125,,,-0.08633993359917452
1177,21151,,,-0.019695682688634943
1178,21155,,,-0.059675304765174624
1179,21173,,,-0.007684688736825397
1180,21181,,,-0.014943022466920646
1181,21183,,,-0.04281356851911114
1182,21205,,,0.013256438362222225
1183,21225,,,0.045036733489555565
1184,21227,,,-0.15038914254952385
1185,21229,,,0.02873911109206347
1186,21233,,,-0.03274852719307937
1187,21239,,,-0.0943420952180952
1188,22001,,,-0.11065876203333325
1189,22003,,,0.16550192372660325
1190,22005,,,0.025491777608888877
1191,22007,,,0.01593988848815239
1192,22011,,,0.06364192998571429
1193,22025,,,0.09449764096968255
1194,22031,,,-0.05032805696536509
1195,22037,,,0.04732037437873017
1196,22039,,,-0.1724357458311111
1197,22043,,,0.06781224431298415
1198,22045,,,-0.0278197745052381
1199,22057,,,-0.028782148621301618
1200,22059,,,-0.04761394571806346
1201,22069,,,0.1250251554313651
1202,22089,,,-7.01637873012723e-06
1203,22093,,,-0.16555631143898417
1204,22095,,,-0.1274574919355557
1205,22097,,,-0.16845619018603167
1206,22099,,,-0.0029915434051999744
1207,22101,,,0.005237136652317455
1208,22103,,,-0.05304981679177783
1209,22113,,,-0.07913160965329204
1210,22115,,,-0.07279475222212696
1211,22121,,,-0.21496140975396813
1212,23015,,,0.042799533339333326
1213,23023,,,-0.05369066049092064
1214,23025,,,0.09763477466193655
1215,24001,,,0.09408508244882541
1216,24011,,,-0.22423939112561891
1217,24023,,,-0.02548474277463496
1218,24037,,,-0.0667401549841587
1219,24047,,,-0.04486048194753649
1220,26001,,,0.017368352008222218
1221,26007,,,-0.04314834475825716
1222,26017,,,-0.01540336800447618
1223,26029,,,-0.1513272162376825
1224,26031,,,0.006259362194666682
1225,26033,,,-0.023354857252063516
1226,26041,,,0.09118028882384127
1227,26043,,,-0.09244194235520643
1228,26057,,,0.13365737459679353
1229,26061,,,0.061481006298698425
1230,26069,,,-0.06622406231809205
1231,26071,,,0.07521390453555557
1232,26089,,,-0.14302079358349198
1233,26109,,,-0.09255415864952382
1234,26129,,,0.05448060578911106
1235,26141,,,0.03770278717812697
1236,26143,,,-0.07577486983930158
1237,26147,,,-0.07337717429555556
1238,26155,,,0.06577098405682542
1239,26157,,,0.009000828528476196
1240,26159,,,0.02464241767587299
1241,27001,,,-0.12391288791396828
1242,27005,,,0.026376463407523833
1243,27007,,,-0.09986021893844442
1244,27013,,,-0.07139920039269838
1245,27015,,,-0.05207941876733333
1246,27017,,,-0.004712533250920621
1247,27019,,,-0.09946087016825396
1248,27021,,,-0.24425869215958723
1249,27023,,,-0.09600117791622223
1250,27031,,,-0.12738079387904755
1251,27033,,,0.08442869806761906
1252,27039,,,-0.04774578361584129
1253,27043,,,0.016171129447968266
1254,27045,,,-0.0894410030224762
1255,27047,,,-0.040531377769301574
1256,27049,,,-0.14722161955904758
1257,27055,,,-0.0402312701492063
1258,27057,,,-0.12680155786955594
1259,27059,,,-0.1084698224676191
1260,27061,,,-0.0856864064707302
1261,27063,,,0.05230448567203176
1262,27065,,,-0.122663758467365
1263,27071,,,-0.06065434957619047
1264,27073,,,0.005929552193619053
1265,27075,,,-0.17531103538196824
1266,27079,,,-0.1316836667126666
1267,27083,,,-0.14224873902603175
1268,27085,,,-0.17889085687079367
1269,27089,,,0.10358405945526983
1270,27093,,,-0.11472838065587314
1271,27095,,,-0.03527123705577461
1272,27097,,,-0.13833648240660304
1273,27099,,,0.012913561938666666
1274,27103,,,-0.09198333294380946
1275,27105,,,-0.0005459967492381022
1276,27107,,,0.03744479367587301
1277,27111,,,0.009089916707263498
1278,27113,,,-0.03194732080923811
1279,27119,,,0.08402657173206353
1280,27121,,,-0.035299818672419075
1281,27129,,,-0.05032728898892071
1282,27135,,,-0.26913631762222234
1283,27143,,,-0.035885692655873026
1284,27147,,,-0.08368579980860313
1285,27151,,,-0.08287654718898413
1286,27153,,,0.022740698022857143
1287,27157,,,-0.10374311767082531
1288,27161,,,0.1450170081197143
1289,27167,,,-0.023616565028222222
1290,27169,,,-0.13717420622479368
1291,27173,,,-0.06310227254035554
1292,28009,,,0.1063347583361904
1293,28011,,,0.003939641560000016
1294,28027,,,0.060977251292349224
1295,28035,,,-0.08262261568669842
1296,28039,,,-0.07550759056796826
1297,28049,,,-0.09997746277939366
1298,28059,,,-0.019883615724761897
1299,28061,,,0.0016579683225079551
1300,28067,,,-0.01713460304190477
1301,28071,,,-0.08031542856326988
1302,28075,,,-0.12944858761492065
1303,28083,,,0.0940459673714254
1304,28087,,,-0.1534970858066666
1305,28105,,,-0.03494285726095242
1306,28107,,,0.06899361929358731
1307,28129,,,0.09648891743406346
1308,28133,,,0.047580571700857124
1309,28139,,,-0.12874802798955545
1310,28145,,,-0.17050856581513982
1311,28151,,,0.038402841172031715
1312,29023,,,-0.07666117657079365
1313,29031,,,-0.018142878689492048
1314,29101,,,-0.029061822138063468
1315,29113,,,0.26296637367904846
1316,29127,,,0.006159844236634934
1317,29141,,,-0.2545176192815871
1318,29159,,,-0.20612035561730174
1319,29186,,,-0.10597862250666669
1320,29209,,,-0.20518768175365068
1321,30009,,,-0.17886368309714284
1322,30021,,,0.005193130165841262
1323,30027,,,-0.03700643458895237
1324,30043,,,-0.12823447644260308
1325,30053,,,-0.05802714955863496
1326,30057,,,-0.29148463340222197
1327,30067,,,-0.015924194464447598
1328,30081,,,0.1398632690615873
1329,30093,,,-0.14003228547777763
1330,30105,,,-0.026444891832761906
1331,31001,,,-0.019220647796476212
1332,31003,,,-0.07574626648317466
1333,31023,,,-0.07252742862286032
1334,31025,,,-0.01710011107904764
1335,31031,,,-0.07961174616285722
1336,31035,,,-0.17168523769206334
1337,31037,,,0.07570990808612696
1338,31039,,,-0.023223003255206355
1339,31041,,,-0.059878911640920615
1340,31043,,,-0.18071734632824754
1341,31053,,,-0.010759857161079354
1342,31057,,,-0.037602901627428596
1343,31067,,,-0.010671819173047613
1344,31073,,,0.009186352546031756
1345,31079,,,-0.016472120343587304
1346,31081,,,-0.00948386486536508
1347,31089,,,-0.043071409598190495
1348,31093,,,0.05796493027615875
1349,31095,,,-0.28725320609269817
1350,31101,,,-0.0682144445148889
1351,31107,,,0.02956952094574604
1352,31111,,,-0.07594578428387302
1353,31119,,,-0.12060478529720606
1354,31121,,,0.004450834746285719
1355,31131,,,0.01169399681653968
1356,31135,,,-0.18985421924631737
1357,31137,,,-0.14358732351812695
1358,31143,,,0.004735080348571437
1359,31145,,,-0.02023932995231746
1360,31155,,,-0.08573686331558737
1361,31157,,,-0.04575267983215873
1362,31159,,,-0.10632279410190482
1363,31185,,,-0.1951253821114381
1364,32001,,,-0.10778233026187299
1365,32007,,,0.0036889841803174773
1366,32013,,,0.0012930319682222249
1367,32015,,,-0.11963085739079368
1368,32023,,,-0.07647511272443815
1369,33003,,,-0.08293836519307939
1370,33007,,,-0.29624387285650805
1371,35005,,,-0.14642882529079365
1372,35006,,,-0.08303550136765075
1373,35007,,,-0.20166194623679365
1374,35009,,,-0.009144688435936505
1375,35015,,,-0.021214891565999983
1376,35017,,,-0.10585549211428559
1377,35027,,,0.03360962824225394
1378,35028,,,-0.012342110808888897
1379,35029,,,-0.11197624149142854
1380,35031,,,-0.1432554663361269
1381,35035,,,-0.09769552388793648
1382,35039,,,-0.08214725088355566
1383,35041,,,0.0331224245795873
1384,35053,,,-0.03041765427936508
1385,35055,,,-0.12209393969809527
1386,35057,,,-0.09271384157999998
1387,35061,,,-0.07467970113082541
1388,36089,,,-0.031235598355939642
1389,37003,,,-0.024731758586698405
1390,37009,,,-0.1057461338821904
1391,37011,,,-0.13437293376761902
1392,37013,,,-0.06182591740098413
1393,37017,,,0.04600176739266032
1394,37023,,,-0.12466618413015876
1395,37027,,,-0.0732230604764762
1396,37031,,,-0.23380143799650788
1397,37039,,,-0.1984403273543174
1398,37047,,,-0.05651701664349206
1399,37053,,,-0.1080912766543175
1400,37055,,,-0.07857514619565084
1401,37059,,,-0.10618575323539681
1402,37061,,,0.09460425981901584
1403,37077,,,-0.1496261899831746
1404,37087,,,-0.08982873671993652
1405,37093,,,0.005861658287330159
1406,37099,,,-0.40117651592450804
1407,37107,,,-0.08006120638126984
1408,37109,,,-0.07137558745339685
1409,37113,,,-0.3275676245942571
1410,37115,,,0.09243322442953014
1411,37117,,,-0.13586511402698404
1412,37121,,,0.14091339668286337
1413,37137,,,-0.16689717477301588
1414,37139,,,0.020252385133368255
1415,37145,,,-0.07448520695854606
1416,37149,,,-0.1732633010596824
1417,37161,,,-0.07932618742958726
1418,37163,,,-0.14910028249082535
1419,37165,,,-0.01825819125015875
1420,37167,,,-0.13881752020711113
1421,37169,,,-0.05700798446793649
1422,37171,,,-0.203720412799365
1423,37175,,,-0.11983147331307928
1424,37195,,,-0.029710857061587288
1425,37197,,,-0.10336732649396824
1426,37199,,,-0.15569008267552387
1427,38003,,,-0.015665539651777798
1428,38005,,,0.07232079400984133
1429,38009,,,0.03704831085136507
1430,38011,,,-0.15663728543114283
1431,38017,,,-0.018631282519523805
1432,38021,,,-0.21600731581514288
1433,38025,,,-0.1668387654059682
1434,38031,,,0.02514052709901588
1435,38049,,,-0.0010747436523142822
1436,38053,,,-0.18780115838673003
1437,38055,,,-0.12992158727555547
1438,38057,,,-0.03575813373457144
1439,38059,,,-0.09579470065619367
1440,38061,,,-0.14433358738539684
1441,38071,,,-0.04358387284152382
1442,38075,,,-0.08847819031901587
1443,38077,,,0.015037726921619043
1444,38079,,,0.16620218625361902
1445,38081,,,0.055746707153615835
1446,38093,,,-0.06387395558374602
1447,38097,,,-0.08938002529241271
1448,38099,,,-0.16558454554736504
1449,38101,,,-0.07558057477292066
1450,38103,,,0.030204104492952372
1451,38105,,,-0.14459160012523808
1452,39021,,,-0.13550551463297775
1453,39033,,,-0.210765729668857
1454,39039,,,-0.019815670319619033
1455,39053,,,0.04781241927438096
1456,39063,,,0.06635625368069843
1457,39071,,,0.13788582170793642
1458,39073,,,0.009440285640063495
1459,39079,,,0.060998016004444426
1460,39107,,,-0.01517720639968253
1461,39117,,,-0.16005454045619041
1462,39123,,,0.05458403494320952
1463,39127,,,-0.12306546047238101
1464,39131,,,0.12209664405552376
1465,39141,,,-0.015398532092688882
1466,39145,,,0.03441581780631746
1467,39161,,,-0.0537808505774603
1468,39163,,,0.021512238089523832
1469,40015,,,0.0794669525150793
1470,40019,,,0.023042692234666658
1471,40031,,,0.038875990644412675
1472,40041,,,0.05501989542288891
1473,40045,,,0.10659657417780945
1474,40065,,,-0.06763973246289201
1475,40087,,,0.025278711168793655
1476,40097,,,-0.02677262733339046
1477,40101,,,-0.11670704096828569
1478,40111,,,-0.10086330470336503
1479,40115,,,-0.009159190547968248
1480,40119,,,-0.2370807649602858
1481,40125,,,0.04161870944124445
1482,40137,,,-0.024726034094631706
1483,41001,,,-0.20938476206761897
1484,41009,,,-0.03720433665498414
1485,41013,,,0.051078920518412674
1486,41031,,,-0.16446984047365065
1487,41041,,,0.01970340308292059
1488,41045,,,0.1088127453066349
1489,41057,,,-0.07025974614095234
1490,41059,,,0.13217882372444437
1491,41061,,,-0.10424294447866983
1492,41065,,,0.04983156800615872
1493,42025,,,-0.10275726379682551
1494,42027,,,0.00567067925457145
1495,42047,,,-0.1607566921536508
1496,42059,,,-0.11080292380539684
1497,42061,,,-0.03561599971396827
1498,42083,,,-0.16408133314158715
1499,42087,,,-0.006297799099301572
1500,42093,,,-0.1508528507390158
1501,42109,,,-0.13068796252980946
1502,42111,,,-0.06679795515838106
1503,42115,,,-0.29297271433971456
1504,42123,,,0.01530756880095551
1505,42131,,,-0.15604643474165084
1506,45011,,,0.022421335819650813
1507,45017,,,-0.0352456953113016
1508,45021,,,-0.15436631449971427
1509,45023,,,-0.08382228556095246
1510,45025,,,-0.05137682601650795
1511,45027,,,-0.018105961170822235
1512,45029,,,-0.04102791722215871
1513,45031,,,0.1449208229739682
1514,45037,,,-0.03305976554787298
1515,45039,,,-0.04907222187428579
1516,45043,,,-0.017129117744507958
1517,45049,,,0.0031926029911111173
1518,45053,,,0.02738031115644445
1519,45055,,,0.02725925085673015
1520,45071,,,-0.03119695536542855
1521,45073,,,-0.04547993656539684
1522,45087,,,0.08624604613073011
1523,45089,,,0.03585465382885714
1524,46005,,,-0.07324222220412702
1525,46011,,,-0.08180644466857463
1526,46013,,,-0.10428252033321586
1527,46015,,,-0.020655334169206375
1528,46019,,,-0.1532532189701904
1529,46023,,,0.10822892072539679
1530,46029,,,-0.2590159364222223
1531,46033,,,0.04315665697460318
1532,46035,,,-0.1010114190774921
1533,46047,,,-0.14434888193901588
1534,46057,,,0.03703989336500958
1535,46065,,,-0.0841506188159683
1536,46079,,,0.0010985483530221937
1537,46081,,,-0.15566497740599997
1538,46083,,,-0.08002733319206981
1539,46087,,,-0.06532357480346035
1540,46093,,,-0.05007776848888887
1541,46103,,,-0.14852965146603167
1542,46109,,,-0.12075251881784121
1543,46115,,,-0.08931175140793653
1544,46135,,,-0.06324785438946035
1545,47009,,,0.05858624751238096
1546,47013,,,-0.08414914487800002
1547,47019,,,-0.012965517520698404
1548,47025,,,0.11231613391965087
1549,47029,,,0.11532813004761908
1550,47035,,,0.03721850806358731
1551,47053,,,-0.10799809525904762
1552,47057,,,0.042224083047968264
1553,47063,,,0.07193257480793652
1554,47067,,,0.00018431412828571732
1555,47073,,,0.0675472061920635
1556,47081,,,-0.7144490061206673
1557,47083,,,-0.01833979349377778
1558,47085,,,-0.27622454873806357
1559,47089,,,0.0406558539622857
1560,47099,,,-0.3133008564374602
1561,47105,,,-0.006198307881682536
1562,47107,,,-0.13640400005777764
1563,47121,,,-0.15765320637460323
1564,47123,,,0.02992557148161905
1565,47129,,,0.05546966965333333
1566,47141,,,-0.04355589528479361
1567,47143,,,-0.07615120921650154
1568,47145,,,0.02453121280342857
1569,47155,,,0.04830103305428572
1570,47161,,,-0.03247554764892063
1571,47171,,,-0.060432507936825454
1572,47173,,,0.016427901398857133
1573,47181,,,-0.12504784725111107
1574,48001,,,-0.0638684638031746
1575,48003,,,-0.5886986993911115
1576,48005,,,-0.0979644035974921
1577,48007,,,-0.05210487644577778
1578,48009,,,-0.0955401462309523
1579,48013,,,-0.022795717383523782
1580,48015,,,-0.0042592122797174585
1581,48019,,,-0.07864395985875881
1582,48021,,,0.09700455970476189
1583,48023,,,-0.08082657154666666
1584,48031,,,-0.038182708712761936
1585,48035,,,0.007183923913936496
1586,48037,,,0.036415694339301564
1587,48051,,,-0.11711301240063535
1588,48055,,,0.06644426024231748
1589,48057,,,0.004985824248577784
1590,48071,,,-0.008961248824787264
1591,48077,,,-0.007823254481968259
1592,48089,,,0.0003277055447999925
1593,48097,,,-0.058516934057428555
1594,48099,,,0.2171860921219049
1595,48123,,,-0.0945134789175016
1596,48131,,,0.032781730331333345
1597,48149,,,-0.08412722494596823
1598,48161,,,0.018895016170444437
1599,48165,,,-0.26238424530729826
1600,48175,,,-0.04638859069514293
1601,48177,,,-0.2294598411076191
1602,48185,,,0.003051174523492051
1603,48199,,,-0.012193407557882532
1604,48203,,,0.016781761987428576
1605,48213,,,0.010093498254507921
1606,48217,,,-0.011413904631841276
1607,48221,,,0.026756475718730154
1608,48225,,,-0.13038588609022206
1609,48227,,,-0.46975579043273014
1610,48231,,,-0.11699949540857134
1611,48233,,,-0.1337543810790476
1612,48239,,,0.03874270099961905
1613,48241,,,-0.02785030769977776
1614,48249,,,-0.05313566032974596
1615,48255,,,-0.145781761674
1616,48265,,,-0.09148628889644456
1617,48273,,,-0.1493033651542857
1618,48281,,,0.04052696772028573
1619,48285,,,-0.03674495235301582
1620,48287,,,-0.011144984526031748
1621,48289,,,-0.038074155544095226
1622,48293,,,0.01210249215742858
1623,48299,,,-0.032441066463841234
1624,48313,,,-0.1345284160469841
1625,48317,,,-0.45688690122441306
1626,48321,,,-0.03643240910432065
1627,48325,,,-0.14810351411355563
1628,48331,,,-0.05173209535682547
1629,48337,,,0.0258974352268254
1630,48347,,,-0.002017199953809518
1631,48349,,,0.020535393774984135
1632,48351,,,-0.05056012688825397
1633,48365,,,-0.036455806233841266
1634,48367,,,-0.06808539997555878
1635,48373,,,-0.028979139786888913
1636,48381,,,-0.11689314298920636
1637,48391,,,-0.08857974277590473
1638,48395,,,-0.07836504854354288
1639,48401,,,0.08580864199339366
1640,48407,,,-0.07773930782511113
1641,48409,,,-0.040289818781841256
1642,48419,,,-0.028363685643174628
1643,48441,,,0.004158777768444448
1644,48455,,,0.041105111287936515
1645,48457,,,0.035777885738730184
1646,48467,,,-0.17545812681523806
1647,48469,,,-0.09949476223079363
1648,48475,,,-0.6030412693968259
1649,48481,,,-0.0780707941262857
1650,48487,,,-0.14033374595492068
1651,48489,,,-0.16329031698349208
1652,48493,,,-0.10515832599384436
1653,48497,,,-0.03750865715622227
1654,48499,,,-0.15675305857298394
1655,48501,,,-0.2652557460374602
1656,49001,,,-0.026854673304666694
1657,49003,,,-0.04798428401086356
1658,49007,,,-0.04635285736920635
1659,49013,,,0.04103500289044442
1660,49019,,,-0.0018505709929523813
1661,49021,,,-0.02466770779615873
1662,49023,,,-0.009883936269523847
1663,49027,,,-0.08452099726987303
1664,49037,,,-0.0916955776650794
1665,49039,,,-0.09296352642984121
1666,49041,,,-0.03367094613142857
1667,49047,,,-0.14422174583396832
1668,50011,,,0.10069660308285713
1669,51005,,,0.05789195826977774
1670,51007,,,-0.15555250752317457
1671,51009,,,-0.05247325102856827
1672,51011,,,0.010775977893968251
1673,51023,,,-0.037277619139936505
1674,51027,,,0.029893307859428578
1675,51031,,,-0.01929162848406345
1676,51047,,,-0.051965038701022266
1677,51051,,,0.026707660424698427
1678,51053,,,-0.05719129218596818
1679,51065,,,0.12341080590225396
1680,51083,,,-0.09632986370288887
1681,51089,,,-0.07211854625714283
1682,51101,,,-0.09815654279815875
1683,51105,,,0.1698517451803174
1684,51109,,,-0.029735854945777757
1685,51113,,,0.03929307591463495
1686,51115,,,-0.0980021523342539
1687,51117,,,-0.04596288974603184
1688,51119,,,-0.12309731126946027
1689,51121,,,-0.1868581750730476
1690,51125,,,0.0035015554348571606
1691,51127,,,-0.13845634920825392
1692,51139,,,-0.16586094291276185
1693,51143,,,0.07505874602050792
1694,51147,,,-0.3170322225352379
1695,51155,,,-0.17226050808190468
1696,51163,,,-0.08394281604768257
1697,51167,,,0.06940470957970798
1698,51169,,,0.0631094888927619
1699,51173,,,0.22491525236196802
1700,51175,,,-0.11449480308571441
1701,51183,,,0.04605330130952382
1702,51185,,,0.10309663777365081
1703,51191,,,-0.0005770762149206331
1704,51195,,,0.0101519042421492
1705,51510,,,-0.16731954262352391
1706,51520,,,-0.10465066696507937
1707,51530,,,-0.06654650778698405
1708,51570,,,-0.05686939694476187
1709,51590,,,-0.20360695188857125
1710,51620,,,0.041536885792444446
1711,51650,,,-0.03847282233206345
1712,51670,,,0.06728734953101591
1713,51680,,,-0.005389873765304755
1714,51720,,,-0.025515692147904775
1715,51730,,,0.019767133542539672
1716,51735,,,0.01404442215206349
1717,51740,,,-0.10450488603146026
1718,51750,,,-0.12383651370412689
1719,51775,,,-0.1501992699942856
1720,51790,,,-0.13759431761873014
1721,51820,,,-0.0071304703381269915
1722,51840,,,0.03217615884650792
1723,53009,,,-0.02351029566444445
1724,53025,,,0.06709539164234915
1725,53029,,,-0.0044184379004762195
1726,53037,,,-0.0017797304487936747
1727,53039,,,0.034415612761587284
1728,53047,,,0.02293599984285713
1729,53049,,,0.07787032327250792
1730,53055,,,-0.1755228589130127
1731,53065,,,0.002598539441269841
1732,53071,,,0.02993283770946034
1733,54027,,,-0.02098695001844318
1734,54037,,,-0.05709076824063483
1735,54049,,,-0.035980031589968244
1736,54055,,,0.09266659040190477
1737,54057,,,0.01903646354444446
1738,54065,,,0.06342352336507939
1739,54077,,,-0.03993681933302225
1740,54079,,,0.036318079088285715
1741,54091,,,-0.01574218406860318
1742,55005,,,-0.07478890812577775
1743,55011,,,-0.14125981007460314
1744,55013,,,0.09101296490031771
1745,55019,,,-0.09623814992578097
1746,55021,,,-0.059512304665365064
1747,55029,,,-0.08483667959057142
1748,55041,,,-0.1462841909095238
1749,55043,,,-0.1390300003038095
1750,55045,,,-0.3708700488181267
1751,55047,,,0.1287987615066666
1752,55049,,,-0.08650238087555555
1753,55057,,,0.019357396952698426
1754,55061,,,-0.007303463354507942
1755,55067,,,-0.05336351395555552
1756,55069,,,-0.07207373677644446
1757,55075,,,0.02228975875384127
1758,55077,,,-0.09771701632031746
1759,55081,,,-0.01987394757838099
1760,55083,,,-0.08151489288600638
1761,55085,,,0.010875869825460316
1762,55099,,,-0.1400508760393334
1763,55107,,,-0.0801236287805397
1764,55113,,,-0.24779996763301565
1765,55115,,,-0.09135217762536509
1766,55119,,,-0.06071140970603171
1767,55121,,,-0.026691619130476196
1768,55123,,,-0.188062174751746
1769,55125,,,-0.03517256025230479
1770,55129,,,-3.2890800635142546e-06
1771,55135,,,-0.017523463503492067
1772,55137,,,-0.12151380920285706
1773,55141,,,-0.12413330183396826
1774,56001,,,-0.11104777767936498
1775,56003,,,-0.02642116213612697
1776,56005,,,-0.06346393667682541
1777,56009,,,-0.18460798067073014
1778,56011,,,-0.09116660351015872
1779,56013,,,-0.09828024488190475
1780,56015,,,-0.07102027295171424
1781,56021,,,-0.07504789486704762
1782,56023,,,-0.21851069807174586
1783,56035,,,-0.09936293386136506
1784,56037,,,-0.16543123779682534
1785,56041,,,0.09777896490923807
1786,56045,,,-0.03538789177393646
